{
  "round": 3,
  "eval_loss": 0.125,
  "eval_metrics": {
    "ensemble_accuracy": 0.9986301369863013,
    "diversity_score": 0.002478799739073711,
    "true_positives": 6,
    "recall": 0.8333333333333333,
    "true_negatives": 2914,
    "generalization_score": 0.00011428571428573342,
    "convergence_rate": 0.75,
    "data_points": 17496.0,
    "precision": 0.875,
    "ensemble_size": 7.0,
    "false_positives": 2,
    "f1_score": 0.8285714285714285,
    "loss": 0.125,
    "accuracy": 99.9315537303217,
    "false_negatives": 0,
    "num_clients": 2,
    "total_clients": 2,
    "authorized_clients": 2,
    "unauthorized_clients": 0,
    "avg_precision": 0.875,
    "avg_recall": 0.8333333333333333,
    "avg_f1_score": 0.8285714285714285,
    "global_precision": 0.75,
    "global_recall": 1.0,
    "global_f1": 0.8571428571428571,
    "avg_accuracy": 99.9315537303217
  },
  "num_clients": 2,
  "timestamp": "2025-05-21T15:16:59.064557+00:00"
}