{
  "round": 2,
  "eval_loss": 0.2936507984995842,
  "eval_metrics": {
    "ensemble_accuracy": 0.9997630331753555,
    "diversity_score": 0.006872037914691944,
    "true_positives": 11,
    "recall": 0.7857142857142857,
    "true_negatives": 8410,
    "generalization_score": 0.8997430822837991,
    "convergence_rate": 1.0,
    "auc_roc": 0.7063492063492063,
    "precision": 0.7063492063492063,
    "ensemble_size": 5.0,
    "false_positives": 16,
    "f1_score": 0.7410714285714286,
    "loss": 0.29365079365079366,
    "accuracy": 99.90521327014218,
    "false_negatives": 3,
    "num_clients": 2,
    "total_clients": 2,
    "authorized_clients": 2,
    "unauthorized_clients": 0,
    "avg_precision": 0.7063492063492063,
    "avg_recall": 0.7857142857142857,
    "avg_f1_score": 0.7410714285714286,
    "avg_auc_roc": 0.7063492063492063,
    "global_precision": 0.4074074074074074,
    "global_recall": 0.7857142857142857,
    "global_f1": 0.5365853658536585,
    "avg_accuracy": 99.90521327014218
  },
  "num_clients": 2,
  "timestamp": "2025-05-20T13:43:19.914371+00:00"
}