{
  "round": 3,
  "eval_loss": 0.6666666865348816,
  "eval_metrics": {
    "ensemble_accuracy": 0.9986301369863013,
    "diversity_score": 0.0020874103065883884,
    "true_positives": 2,
    "recall": 1.0,
    "true_negatives": 1454,
    "generalization_score": 0.5,
    "convergence_rate": 1.0,
    "auc_roc": 0.3333333333333333,
    "precision": 0.3333333333333333,
    "ensemble_size": 7.0,
    "false_positives": 6,
    "f1_score": 0.5,
    "loss": 0.6666666666666667,
    "accuracy": 99.72640218878249,
    "false_negatives": 0,
    "num_clients": 2,
    "total_clients": 2,
    "authorized_clients": 2,
    "unauthorized_clients": 0,
    "avg_precision": 0.3333333333333333,
    "avg_recall": 1.0,
    "avg_f1_score": 0.5,
    "avg_auc_roc": 0.3333333333333333,
    "global_precision": 0.25,
    "global_recall": 1.0,
    "global_f1": 0.4,
    "avg_accuracy": 99.72640218878249
  },
  "num_clients": 2,
  "timestamp": "2025-05-20T11:13:42.644829+00:00"
}