{
  "ensemble_state": {
    "model_names": [
      "catboost",
      "knn",
      "lgbm",
      "lr",
      "rf",
      "svc",
      "xgb"
    ],
    "weights": [
      0.1318463872428002,
      0.09526881734419815,
      0.2069636489580127,
      0.07421058407746892,
      0.0995994506992442,
      0.21401699733173699,
      0.17809411434653888
    ],
    "ga_metadata": {
      "num_ensembles_aggregated": 2,
      "client_weights": [
        0.5001428979708488,
        0.4998571020291512
      ]
    }
  },
  "info": {
    "round": 2,
    "timestamp": "2025-05-18T08:02:09.959974+00:00",
    "version": "1.0.0518-5084.2",
    "is_ensemble": true,
    "num_models": 7,
    "model_names": [
      "catboost",
      "knn",
      "lgbm",
      "lr",
      "rf",
      "svc",
      "xgb"
    ]
  }
}