{
  "round": 2,
  "eval_loss": 0.5,
  "eval_metrics": {
    "ensemble_accuracy": 1.0,
    "diversity_score": 0.0030006523157208084,
    "true_positives": 3,
    "recall": 0.25,
    "true_negatives": 1456,
    "generalization_score": 0.9998856881572931,
    "convergence_rate": 0.8333333333333334,
    "precision": 0.5,
    "ensemble_size": 7.0,
    "false_positives": 3,
    "f1_score": 0.3333333333333333,
    "loss": 0.5,
    "accuracy": 99.72640218878249,
    "false_negatives": 0,
    "num_clients": 2,
    "total_clients": 2,
    "authorized_clients": 2,
    "unauthorized_clients": 0,
    "avg_precision": 0.5,
    "avg_recall": 0.25,
    "avg_f1_score": 0.3333333333333333,
    "global_precision": 0.5,
    "global_recall": 1.0,
    "global_f1": 0.6666666666666666,
    "avg_accuracy": 99.72640218878249
  },
  "num_clients": 2,
  "timestamp": "2025-05-19T18:45:17.953195+00:00"
}