{
  "round": 3,
  "eval_loss": 0.5,
  "eval_metrics": {
    "ensemble_accuracy": 1.0,
    "diversity_score": 0.0030006523157208084,
    "true_positives": 2,
    "recall": 0.5,
    "true_negatives": 1457,
    "generalization_score": 0.9997714285714285,
    "convergence_rate": 0.6666666666666667,
    "precision": 0.5,
    "ensemble_size": 7.0,
    "false_positives": 2,
    "f1_score": 0.5,
    "loss": 0.5,
    "accuracy": 99.79480164158687,
    "false_negatives": 1,
    "num_clients": 2,
    "total_clients": 2,
    "authorized_clients": 2,
    "unauthorized_clients": 0,
    "avg_precision": 0.5,
    "avg_recall": 0.5,
    "avg_f1_score": 0.5,
    "global_precision": 0.5,
    "global_recall": 0.6666666666666666,
    "global_f1": 0.5714285714285715,
    "avg_accuracy": 99.79480164158687
  },
  "num_clients": 2,
  "timestamp": "2025-05-19T18:46:32.861431+00:00"
}