{
  "round": 2,
  "eval_loss": 0.01854350371286273,
  "eval_metrics": {
    "ensemble_accuracy": 0.9992878119076005,
    "diversity_score": 0.009654004663177467,
    "true_positives": 25,
    "recall": 0.9615384615384616,
    "true_negatives": 13770,
    "generalization_score": 0.9999763195731162,
    "convergence_rate": 1.0,
    "auc_roc": 0.9814564968198095,
    "precision": 0.042946840157140585,
    "ensemble_size": 7.0,
    "false_positives": 1396,
    "f1_score": 0.08202856964631028,
    "loss": 0.01854350318019049,
    "accuracy": 96.13612427593469,
    "false_negatives": 1,
    "num_clients": 2,
    "total_clients": 2,
    "authorized_clients": 2,
    "unauthorized_clients": 0,
    "avg_precision": 0.042946840157140585,
    "avg_recall": 0.9615384615384616,
    "avg_f1_score": 0.08202856964631028,
    "avg_auc_roc": 0.9814564968198095,
    "global_precision": 0.017593244194229415,
    "global_recall": 0.9615384615384616,
    "global_f1": 0.03455425017277125,
    "avg_accuracy": 96.13612427593469
  },
  "num_clients": 2,
  "timestamp": "2025-05-15T19:38:44.860970+00:00"
}