{
  "round": 1,
  "eval_loss": 0.02618204621830955,
  "eval_metrics": {
    "ensemble_accuracy": 0.9991295339715448,
    "diversity_score": 0.00966907875232563,
    "true_positives": 25,
    "recall": 0.8461538461538461,
    "true_negatives": 14010,
    "generalization_score": 0.9999821331578889,
    "convergence_rate": 0.75,
    "auc_roc": 0.9738179531137463,
    "precision": 0.04946236559139785,
    "ensemble_size": 7.0,
    "false_positives": 1156,
    "f1_score": 0.09332191780821918,
    "loss": 0.02618204688625364,
    "accuracy": 96.99842022116904,
    "false_negatives": 1,
    "num_clients": 2,
    "total_clients": 2,
    "authorized_clients": 2,
    "unauthorized_clients": 0,
    "avg_precision": 0.04946236559139785,
    "avg_recall": 0.8461538461538461,
    "avg_f1_score": 0.09332191780821918,
    "avg_auc_roc": 0.9738179531137463,
    "global_precision": 0.021168501270110076,
    "global_recall": 0.9615384615384616,
    "global_f1": 0.04142502071251036,
    "avg_accuracy": 96.99842022116904
  },
  "num_clients": 2,
  "timestamp": "2025-05-15T19:14:05.354377+00:00"
}