{
  "round": 1,
  "eval_loss": 0.125,
  "eval_metrics": {
    "ensemble_accuracy": 0.9986301369863013,
    "diversity_score": 0.001506849315068493,
    "true_positives": 6,
    "recall": 1.0,
    "true_negatives": 2914,
    "generalization_score": 0.2501142922456444,
    "convergence_rate": 1.0,
    "auc_roc": 0.875,
    "precision": 0.875,
    "ensemble_size": 5.0,
    "false_positives": 2,
    "f1_score": 0.9285714285714286,
    "loss": 0.125,
    "accuracy": 99.96577686516085,
    "false_negatives": 0,
    "num_clients": 2,
    "total_clients": 2,
    "authorized_clients": 2,
    "unauthorized_clients": 0,
    "avg_precision": 0.875,
    "avg_recall": 1.0,
    "avg_f1_score": 0.9285714285714286,
    "avg_auc_roc": 0.875,
    "global_precision": 0.75,
    "global_recall": 1.0,
    "global_f1": 0.8571428571428571,
    "avg_accuracy": 99.96577686516085
  },
  "num_clients": 2,
  "timestamp": "2025-05-20T14:11:28.696456+00:00"
}