{
  "round": 1,
  "eval_loss": 0.23267974704504013,
  "eval_metrics": {
    "ensemble_accuracy": 0.999104603391973,
    "diversity_score": 0.011868394255416269,
    "true_positives": 61,
    "recall": 0.9090909090909092,
    "true_negatives": 37836,
    "generalization_score": 0.7263135546984046,
    "convergence_rate": 0.5,
    "precision": 0.7673202614379084,
    "ensemble_size": 7.0,
    "false_positives": 74,
    "f1_score": 0.8281668580176043,
    "loss": 0.2326797385620915,
    "accuracy": 99.93416894880977,
    "false_negatives": 5,
    "num_clients": 2,
    "total_clients": 2,
    "authorized_clients": 2,
    "unauthorized_clients": 0,
    "avg_precision": 0.7673202614379084,
    "avg_recall": 0.9090909090909092,
    "avg_f1_score": 0.8281668580176043,
    "global_precision": 0.45185185185185184,
    "global_recall": 0.9242424242424242,
    "global_f1": 0.6069651741293532,
    "avg_accuracy": 99.93416894880977
  },
  "num_clients": 2,
  "timestamp": "2025-05-20T19:36:29.975854+00:00"
}