{
  "round": 2,
  "eval_loss": 0.970588207244873,
  "eval_metrics": {
    "ensemble_accuracy": 0.9995711835334478,
    "diversity_score": 0.0027362574532385857,
    "true_positives": 4,
    "recall": 0.5,
    "true_negatives": 2357,
    "generalization_score": 0.9991438356164384,
    "convergence_rate": 1.0,
    "precision": 0.015211104684788895,
    "ensemble_size": 7.0,
    "false_positives": 559,
    "f1_score": 0.029411764705882353,
    "loss": 0.9705882352941176,
    "accuracy": 93.22381930184804,
    "false_negatives": 2,
    "num_clients": 2,
    "total_clients": 2,
    "authorized_clients": 2,
    "unauthorized_clients": 0,
    "avg_precision": 0.015211104684788895,
    "avg_recall": 0.5,
    "avg_f1_score": 0.029411764705882353,
    "global_precision": 0.007104795737122558,
    "global_recall": 0.6666666666666666,
    "global_f1": 0.0140597539543058,
    "avg_accuracy": 93.22381930184804
  },
  "num_clients": 2,
  "timestamp": "2025-05-18T04:21:51.974428+00:00"
}