{
  "round": 1,
  "eval_loss": 0.3333333358168602,
  "eval_metrics": {
    "ensemble_accuracy": 1.0,
    "diversity_score": 0.005280974949221397,
    "true_positives": 11,
    "recall": 0.7142857142857143,
    "true_negatives": 8417,
    "generalization_score": 0.9996441562549423,
    "convergence_rate": 1.0,
    "precision": 0.6666666666666667,
    "ensemble_size": 7.0,
    "false_positives": 9,
    "f1_score": 0.6787330316742081,
    "loss": 0.3333333333333333,
    "accuracy": 99.88151658767772,
    "false_negatives": 3,
    "num_clients": 2,
    "total_clients": 2,
    "authorized_clients": 2,
    "unauthorized_clients": 0,
    "avg_precision": 0.6666666666666667,
    "avg_recall": 0.7142857142857143,
    "avg_f1_score": 0.6787330316742081,
    "global_precision": 0.55,
    "global_recall": 0.7857142857142857,
    "global_f1": 0.6470588235294117,
    "avg_accuracy": 99.88151658767772
  },
  "num_clients": 2,
  "timestamp": "2025-05-21T10:42:47.795221+00:00"
}