{
  "round": 2,
  "eval_loss": 0.1547619104385376,
  "eval_metrics": {
    "ensemble_accuracy": 0.9997630331753555,
    "diversity_score": 0.00525840668020763,
    "true_positives": 14,
    "recall": 0.7857142857142857,
    "true_negatives": 8414,
    "generalization_score": 0.9000000078250043,
    "convergence_rate": 0.75,
    "precision": 0.8452380952380952,
    "ensemble_size": 7.0,
    "false_positives": 12,
    "f1_score": 0.8131868131868132,
    "loss": 0.15476190476190477,
    "accuracy": 99.94075829383885,
    "false_negatives": 0,
    "num_clients": 2,
    "total_clients": 2,
    "authorized_clients": 2,
    "unauthorized_clients": 0,
    "avg_precision": 0.8452380952380952,
    "avg_recall": 0.7857142857142857,
    "avg_f1_score": 0.8131868131868132,
    "global_precision": 0.5384615384615384,
    "global_recall": 1.0,
    "global_f1": 0.7000000000000001,
    "avg_accuracy": 99.94075829383885
  },
  "num_clients": 2,
  "timestamp": "2025-05-21T10:44:40.426581+00:00"
}