{
  "round": 1,
  "eval_loss": 0.380952388048172,
  "eval_metrics": {
    "ensemble_accuracy": 0.997945205479452,
    "diversity_score": 0.004892367906066535,
    "true_positives": 5,
    "recall": 0.6666666666666666,
    "true_negatives": 2911,
    "generalization_score": 0.5004569861761682,
    "convergence_rate": 1.0,
    "precision": 0.5833333333333333,
    "ensemble_size": 7.0,
    "false_positives": 5,
    "f1_score": 0.6190476190476191,
    "loss": 0.38095238095238093,
    "accuracy": 99.82888432580424,
    "false_negatives": 1,
    "num_clients": 2,
    "total_clients": 2,
    "authorized_clients": 2,
    "unauthorized_clients": 0,
    "avg_precision": 0.5833333333333333,
    "avg_recall": 0.6666666666666666,
    "avg_f1_score": 0.6190476190476191,
    "global_precision": 0.5,
    "global_recall": 0.8333333333333334,
    "global_f1": 0.625,
    "avg_accuracy": 99.82888432580424
  },
  "num_clients": 2,
  "timestamp": "2025-05-18T08:00:42.421788+00:00"
}