{
  "round": 3,
  "eval_loss": 0.2666666731238365,
  "eval_metrics": {
    "ensemble_accuracy": 0.997945205479452,
    "diversity_score": 0.005088062622309196,
    "true_positives": 4,
    "recall": 0.6666666666666666,
    "true_negatives": 2910,
    "generalization_score": 0.2502856359780595,
    "convergence_rate": 1.0,
    "precision": 0.8333333333333333,
    "ensemble_size": 7.0,
    "false_positives": 6,
    "f1_score": 0.7333333333333334,
    "loss": 0.26666666666666666,
    "accuracy": 99.89733059548254,
    "false_negatives": 2,
    "num_clients": 2,
    "total_clients": 2,
    "authorized_clients": 2,
    "unauthorized_clients": 0,
    "avg_precision": 0.8333333333333333,
    "avg_recall": 0.6666666666666666,
    "avg_f1_score": 0.7333333333333334,
    "global_precision": 0.4,
    "global_recall": 0.6666666666666666,
    "global_f1": 0.5,
    "avg_accuracy": 99.89733059548254
  },
  "num_clients": 2,
  "timestamp": "2025-05-18T08:05:39.560344+00:00"
}