{
  "round": 2,
  "eval_loss": 0.2380952462553978,
  "eval_metrics": {
    "ensemble_accuracy": 0.999341585462207,
    "diversity_score": 0.009343215822014878,
    "true_positives": 24,
    "recall": 0.8461538461538463,
    "true_negatives": 15140,
    "generalization_score": 0.7917435950575522,
    "convergence_rate": 0.75,
    "precision": 0.7619047619047619,
    "ensemble_size": 7.0,
    "false_positives": 26,
    "f1_score": 0.8015873015873016,
    "loss": 0.23809523809523814,
    "accuracy": 99.9275934702475,
    "false_negatives": 2,
    "num_clients": 2,
    "total_clients": 2,
    "authorized_clients": 2,
    "unauthorized_clients": 0,
    "avg_precision": 0.7619047619047619,
    "avg_recall": 0.8461538461538463,
    "avg_f1_score": 0.8015873015873016,
    "global_precision": 0.48,
    "global_recall": 0.9230769230769231,
    "global_f1": 0.631578947368421,
    "avg_accuracy": 99.9275934702475
  },
  "num_clients": 2,
  "timestamp": "2025-05-20T15:18:40.947208+00:00"
}