{
  "round": 1,
  "eval_loss": 0.2589285746216774,
  "eval_metrics": {
    "ensemble_accuracy": 0.9994732683697656,
    "diversity_score": 0.009343215822014878,
    "true_positives": 22,
    "recall": 0.8461538461538463,
    "true_negatives": 15125,
    "generalization_score": 0.8749011075949367,
    "convergence_rate": 0.6666666666666667,
    "precision": 0.7410714285714286,
    "ensemble_size": 7.0,
    "false_positives": 41,
    "f1_score": 0.789272030651341,
    "loss": 0.25892857142857145,
    "accuracy": 99.92101105845182,
    "false_negatives": 4,
    "num_clients": 2,
    "total_clients": 2,
    "authorized_clients": 2,
    "unauthorized_clients": 0,
    "avg_precision": 0.7410714285714286,
    "avg_recall": 0.8461538461538463,
    "avg_f1_score": 0.789272030651341,
    "global_precision": 0.3492063492063492,
    "global_recall": 0.8461538461538461,
    "global_f1": 0.49438202247191015,
    "avg_accuracy": 99.92101105845182
  },
  "num_clients": 2,
  "timestamp": "2025-05-20T15:10:34.155644+00:00"
}