{
  "round": 1,
  "eval_loss": 0.1666666716337204,
  "eval_metrics": {
    "ensemble_accuracy": 1.0,
    "diversity_score": 0.005326111487248929,
    "true_positives": 11,
    "recall": 0.7142857142857143,
    "true_negatives": 8420,
    "generalization_score": 0.9999802176063304,
    "convergence_rate": 0.6666666666666667,
    "auc_roc": 0.8333333333333334,
    "precision": 0.8333333333333334,
    "ensemble_size": 7.0,
    "false_positives": 6,
    "f1_score": 0.7692307692307692,
    "loss": 0.16666666666666663,
    "accuracy": 99.92890995260663,
    "false_negatives": 3,
    "num_clients": 2,
    "total_clients": 2,
    "authorized_clients": 2,
    "unauthorized_clients": 0,
    "avg_precision": 0.8333333333333334,
    "avg_recall": 0.7142857142857143,
    "avg_f1_score": 0.7692307692307692,
    "avg_auc_roc": 0.8333333333333334,
    "global_precision": 0.6470588235294118,
    "global_recall": 0.7857142857142857,
    "global_f1": 0.7096774193548386,
    "avg_accuracy": 99.92890995260663
  },
  "num_clients": 2,
  "timestamp": "2025-05-20T11:51:54.563142+00:00"
}