{
  "round": 2,
  "eval_loss": 0.3333333432674408,
  "eval_metrics": {
    "ensemble_accuracy": 0.9993150684931507,
    "diversity_score": 0.005088062622309196,
    "true_positives": 5,
    "recall": 0.6666666666666666,
    "true_negatives": 2913,
    "generalization_score": 0.999942831008461,
    "convergence_rate": 1.0,
    "precision": 0.6666666666666666,
    "ensemble_size": 7.0,
    "false_positives": 3,
    "f1_score": 0.6666666666666666,
    "loss": 0.33333333333333337,
    "accuracy": 99.86310746064339,
    "false_negatives": 1,
    "num_clients": 2,
    "total_clients": 2,
    "authorized_clients": 2,
    "unauthorized_clients": 0,
    "avg_precision": 0.6666666666666666,
    "avg_recall": 0.6666666666666666,
    "avg_f1_score": 0.6666666666666666,
    "global_precision": 0.625,
    "global_recall": 0.8333333333333334,
    "global_f1": 0.7142857142857143,
    "avg_accuracy": 99.86310746064339
  },
  "num_clients": 2,
  "timestamp": "2025-05-18T06:41:55.004851+00:00"
}