{
  "round": 2,
  "eval_loss": 0.8333333432674408,
  "eval_metrics": {
    "ensemble_accuracy": 0.9986301369863013,
    "diversity_score": 0.0020874103065883884,
    "true_positives": 2,
    "recall": 0.5,
    "true_negatives": 1456,
    "generalization_score": 0.5,
    "convergence_rate": 0.6666666666666667,
    "auc_roc": 0.16666666666666666,
    "precision": 0.16666666666666666,
    "ensemble_size": 7.0,
    "false_positives": 4,
    "f1_score": 0.25,
    "loss": 0.8333333333333334,
    "accuracy": 99.6580027359781,
    "false_negatives": 0,
    "num_clients": 2,
    "total_clients": 2,
    "authorized_clients": 2,
    "unauthorized_clients": 0,
    "avg_precision": 0.16666666666666666,
    "avg_recall": 0.5,
    "avg_f1_score": 0.25,
    "avg_auc_roc": 0.16666666666666666,
    "global_precision": 0.3333333333333333,
    "global_recall": 1.0,
    "global_f1": 0.5,
    "avg_accuracy": 99.6580027359781
  },
  "num_clients": 2,
  "timestamp": "2025-05-20T11:36:26.427733+00:00"
}