{
  "model_names": [
    "lr",
    "svc",
    "rf",
    "knn",
    "catboost",
    "lgbm",
    "xgb"
  ],
  "timestamp": 1747607550.4617631,
  "weights": [
    0.0644464125803437,
    0.293628342432039,
    0.16318687350088562,
    7.070465313669966e-05,
    0.05366186895586342,
    0.12408325612808374,
    0.3009225417496477
  ]
}