{
  "model_names": [
    "lr",
    "svc",
    "rf",
    "knn",
    "catboost",
    "lgbm",
    "xgb"
  ],
  "timestamp": 1747607541.195168,
  "weights": [
    0.11272474170644052,
    0.06957361514798692,
    0.281377528381866,
    0.12335330129291809,
    0.03254759879995206,
    0.23927456389428758,
    0.14114865077654878
  ]
}