{
  "round": 1,
  "eval_loss": 0.009502004835892785,
  "eval_metrics": {
    "ensemble_accuracy": 0.997500199920032,
    "diversity_score": 0.004761980921916948,
    "generalization_score": 0.9999023229553243,
    "true_positives": 17,
    "recall": 0.7750099960015995,
    "true_negatives": 9974,
    "convergence_rate": 0.5,
    "auc_roc": 0.9904979955783502,
    "precision": 0.8750499800079968,
    "ensemble_size": 7.0,
    "false_positives": 8,
    "f1_score": 0.8194722111155539,
    "loss": 0.009502004421649909,
    "accuracy": 99.9200319872051,
    "false_negatives": 5,
    "num_clients": 2,
    "total_clients": 2,
    "authorized_clients": 2,
    "unauthorized_clients": 0,
    "avg_precision": 0.8750499800079968,
    "avg_recall": 0.7750099960015995,
    "avg_f1_score": 0.8194722111155539,
    "avg_auc_roc": 0.9904979955783502,
    "global_precision": 0.68,
    "global_recall": 0.7727272727272727,
    "global_f1": 0.7234042553191491,
    "avg_accuracy": 99.92001598721023
  },
  "num_clients": 2,
  "timestamp": "2025-05-15T16:32:08.093459+00:00"
}