{
  "round": 2,
  "eval_loss": 0.01834287096607368,
  "eval_metrics": {
    "ensemble_accuracy": 0.997500599760096,
    "diversity_score": 0.004714304754288762,
    "generalization_score": 0.9998954954204158,
    "true_positives": 17,
    "recall": 0.7750099960015995,
    "true_negatives": 9969,
    "convergence_rate": 0.5,
    "auc_roc": 0.981657128961676,
    "precision": 0.8750499800079968,
    "ensemble_size": 7.0,
    "false_positives": 13,
    "f1_score": 0.8194722111155539,
    "loss": 0.01834287103832402,
    "accuracy": 99.9200319872051,
    "false_negatives": 5,
    "num_clients": 2,
    "total_clients": 2,
    "authorized_clients": 2,
    "unauthorized_clients": 0,
    "avg_precision": 0.8750499800079968,
    "avg_recall": 0.7750099960015995,
    "avg_f1_score": 0.8194722111155539,
    "avg_auc_roc": 0.981657128961676,
    "global_precision": 0.5666666666666667,
    "global_recall": 0.7727272727272727,
    "global_f1": 0.6538461538461539,
    "avg_accuracy": 99.92001598721023
  },
  "num_clients": 2,
  "timestamp": "2025-05-15T16:35:47.010179+00:00"
}