{
  "round": 1,
  "eval_loss": 0.040237769950181246,
  "eval_metrics": {
    "ensemble_accuracy": 0.9995884773662551,
    "diversity_score": 0.0017636684303350965,
    "true_positives": 4,
    "recall": 0.5,
    "true_negatives": 2717,
    "generalization_score": 1.0,
    "convergence_rate": 1.0,
    "auc_roc": 0.9597622313671696,
    "precision": 0.022727272727272728,
    "ensemble_size": 7.0,
    "false_positives": 199,
    "f1_score": 0.04347826086956522,
    "loss": 0.040237768632830406,
    "accuracy": 95.58521560574948,
    "false_negatives": 2,
    "num_clients": 2,
    "total_clients": 2,
    "authorized_clients": 2,
    "unauthorized_clients": 0,
    "avg_precision": 0.022727272727272728,
    "avg_recall": 0.5,
    "avg_f1_score": 0.04347826086956522,
    "avg_auc_roc": 0.9597622313671696,
    "global_precision": 0.019704433497536946,
    "global_recall": 0.6666666666666666,
    "global_f1": 0.038277511961722493,
    "avg_accuracy": 95.58521560574948
  },
  "num_clients": 2,
  "timestamp": "2025-05-17T05:17:02.235429+00:00"
}