{
  "round": 3,
  "eval_loss": 0.031893004197627306,
  "eval_metrics": {
    "ensemble_accuracy": 0.9995884773662551,
    "diversity_score": 0.0017636684303350965,
    "true_positives": 6,
    "recall": 0.6666666666666666,
    "true_negatives": 2636,
    "generalization_score": 1.0,
    "convergence_rate": 1.0,
    "auc_roc": 0.9681069958847737,
    "precision": 0.03851091142490372,
    "ensemble_size": 7.0,
    "false_positives": 280,
    "f1_score": 0.07272727272727272,
    "loss": 0.03189300411522633,
    "accuracy": 96.71457905544148,
    "false_negatives": 0,
    "num_clients": 2,
    "total_clients": 2,
    "authorized_clients": 2,
    "unauthorized_clients": 0,
    "avg_precision": 0.03851091142490372,
    "avg_recall": 0.6666666666666666,
    "avg_f1_score": 0.07272727272727272,
    "avg_auc_roc": 0.9681069958847737,
    "global_precision": 0.02097902097902098,
    "global_recall": 1.0,
    "global_f1": 0.0410958904109589,
    "avg_accuracy": 96.71457905544148
  },
  "num_clients": 2,
  "timestamp": "2025-05-17T05:19:58.004669+00:00"
}