{
  "round": 2,
  "eval_loss": 0.026177411433309317,
  "eval_metrics": {
    "ensemble_accuracy": 0.9995884773662551,
    "diversity_score": 0.0017636684303350965,
    "true_positives": 6,
    "recall": 0.8333333333333333,
    "true_negatives": 2581,
    "generalization_score": 1.0,
    "convergence_rate": 1.0,
    "auc_roc": 0.9738225880201189,
    "precision": 0.0449486301369863,
    "ensemble_size": 7.0,
    "false_positives": 335,
    "f1_score": 0.08513931888544891,
    "loss": 0.026177411979881104,
    "accuracy": 95.99589322381931,
    "false_negatives": 0,
    "num_clients": 2,
    "total_clients": 2,
    "authorized_clients": 2,
    "unauthorized_clients": 0,
    "avg_precision": 0.0449486301369863,
    "avg_recall": 0.8333333333333333,
    "avg_f1_score": 0.08513931888544891,
    "avg_auc_roc": 0.9738225880201189,
    "global_precision": 0.017595307917888565,
    "global_recall": 1.0,
    "global_f1": 0.0345821325648415,
    "avg_accuracy": 95.99589322381931
  },
  "num_clients": 2,
  "timestamp": "2025-05-17T05:18:28.209960+00:00"
}