{
  "ensemble_state": {
    "model_names": [
      "catboost",
      "knn",
      "lgbm",
      "lr",
      "rf",
      "svc",
      "xgb"
    ],
    "weights": [
      0.09913179709276448,
      0.3230750437886428,
      0.0058565294403066966,
      0.18501574967107523,
      0.1897181470124131,
      0.06699392809087652,
      0.13020880490392112
    ],
    "ga_metadata": {
      "num_ensembles_aggregated": 2,
      "client_weights": [
        0.4998571020291512,
        0.5001428979708488
      ]
    }
  },
  "info": {
    "round": 2,
    "timestamp": "2025-05-18T06:56:16.007168+00:00",
    "version": "1.0.0518-1179.2",
    "is_ensemble": true,
    "num_models": 7,
    "model_names": [
      "catboost",
      "knn",
      "lgbm",
      "lr",
      "rf",
      "svc",
      "xgb"
    ]
  }
}