{
  "ensemble_state": {
    "model_names": [
      "catboost",
      "knn",
      "lgbm",
      "lr",
      "rf",
      "svc",
      "xgb"
    ],
    "weights": [
      0.06682985811437947,
      0.20160298092474968,
      0.2088612504349139,
      0.18601390297065915,
      0.05280766741470693,
      0.18049201873453902,
      0.10339232140605191
    ],
    "ga_metadata": {
      "num_ensembles_aggregated": 2,
      "client_weights": [
        0.5001428979708488,
        0.4998571020291512
      ]
    }
  },
  "info": {
    "round": 1,
    "timestamp": "2025-05-18T06:54:37.722506+00:00",
    "version": "1.0.0518-1179.1",
    "is_ensemble": true,
    "num_models": 7,
    "model_names": [
      "catboost",
      "knn",
      "lgbm",
      "lr",
      "rf",
      "svc",
      "xgb"
    ]
  }
}