{
  "round": 1,
  "eval_loss": 0.285714291036129,
  "eval_metrics": {
    "ensemble_accuracy": 0.997945205479452,
    "diversity_score": 0.004892367906066535,
    "true_positives": 5,
    "recall": 0.8333333333333333,
    "true_negatives": 2909,
    "generalization_score": 0.5003999085923218,
    "convergence_rate": 1.0,
    "precision": 0.625,
    "ensemble_size": 7.0,
    "false_positives": 7,
    "f1_score": 0.7142857142857143,
    "loss": 0.2857142857142857,
    "accuracy": 99.86310746064339,
    "false_negatives": 1,
    "num_clients": 2,
    "total_clients": 2,
    "authorized_clients": 2,
    "unauthorized_clients": 0,
    "avg_precision": 0.625,
    "avg_recall": 0.8333333333333333,
    "avg_f1_score": 0.7142857142857143,
    "global_precision": 0.4166666666666667,
    "global_recall": 0.8333333333333334,
    "global_f1": 0.5555555555555556,
    "avg_accuracy": 99.86310746064339
  },
  "num_clients": 2,
  "timestamp": "2025-05-18T06:54:38.152390+00:00"
}