{
  "round": 1,
  "eval_loss": 0.0,
  "eval_metrics": {
    "ensemble_accuracy": 0.9986301369863013,
    "diversity_score": 0.0013046314416177431,
    "true_positives": 6,
    "recall": 0.8333333333333333,
    "true_negatives": 2915,
    "generalization_score": 1.0,
    "convergence_rate": 1.0,
    "auc_roc": 1.0,
    "precision": 0.875,
    "ensemble_size": 7.0,
    "false_positives": 1,
    "f1_score": 0.8285714285714285,
    "loss": 0.0,
    "accuracy": 99.9315537303217,
    "false_negatives": 0,
    "num_clients": 2,
    "total_clients": 2,
    "authorized_clients": 2,
    "unauthorized_clients": 0,
    "avg_precision": 0.875,
    "avg_recall": 0.8333333333333333,
    "avg_f1_score": 0.8285714285714285,
    "avg_auc_roc": 1.0,
    "global_precision": 0.8571428571428571,
    "global_recall": 1.0,
    "global_f1": 0.923076923076923,
    "avg_accuracy": 99.9315537303217
  },
  "num_clients": 2,
  "timestamp": "2025-05-17T05:56:20.401333+00:00"
}