{
  "round": 1,
  "eval_loss": 0.226190485060215,
  "eval_metrics": {
    "ensemble_accuracy": 0.9997630331753555,
    "diversity_score": 0.005326111487248929,
    "true_positives": 12,
    "recall": 0.7142857142857143,
    "true_negatives": 8396,
    "generalization_score": 0.8999209189346538,
    "convergence_rate": 0.6666666666666667,
    "auc_roc": 0.7738095238095238,
    "precision": 0.7738095238095238,
    "ensemble_size": 7.0,
    "false_positives": 30,
    "f1_score": 0.7417582417582418,
    "loss": 0.22619047619047616,
    "accuracy": 99.91706161137441,
    "false_negatives": 2,
    "num_clients": 2,
    "total_clients": 2,
    "authorized_clients": 2,
    "unauthorized_clients": 0,
    "avg_precision": 0.7738095238095238,
    "avg_recall": 0.7142857142857143,
    "avg_f1_score": 0.7417582417582418,
    "avg_auc_roc": 0.7738095238095238,
    "global_precision": 0.2857142857142857,
    "global_recall": 0.8571428571428571,
    "global_f1": 0.42857142857142855,
    "avg_accuracy": 99.91706161137441
  },
  "num_clients": 2,
  "timestamp": "2025-05-20T12:31:35.651356+00:00"
}