{
  "round": 1,
  "eval_loss": 0.3212669715285301,
  "eval_metrics": {
    "ensemble_accuracy": 1.0,
    "diversity_score": 0.005280974949221397,
    "true_positives": 10,
    "recall": 0.7142857142857143,
    "true_negatives": 8401,
    "generalization_score": 0.9996244020084608,
    "convergence_rate": 0.6666666666666667,
    "precision": 0.6666666666666667,
    "ensemble_size": 7.0,
    "false_positives": 25,
    "f1_score": 0.6787330316742081,
    "loss": 0.32126696832579194,
    "accuracy": 99.88151658767772,
    "false_negatives": 4,
    "num_clients": 2,
    "total_clients": 2,
    "authorized_clients": 2,
    "unauthorized_clients": 0,
    "avg_precision": 0.6666666666666667,
    "avg_recall": 0.7142857142857143,
    "avg_f1_score": 0.6787330316742081,
    "global_precision": 0.2857142857142857,
    "global_recall": 0.7142857142857143,
    "global_f1": 0.40816326530612246,
    "avg_accuracy": 99.88151658767772
  },
  "num_clients": 2,
  "timestamp": "2025-05-17T11:04:38.020198+00:00"
}