{
  "round": 2,
  "eval_loss": 0.28205128759145737,
  "eval_metrics": {
    "ensemble_accuracy": 1.0,
    "diversity_score": 0.005280974949221397,
    "true_positives": 10,
    "recall": 0.7142857142857143,
    "true_negatives": 8415,
    "generalization_score": 0.9995848090739334,
    "convergence_rate": 1.0,
    "precision": 0.7291666666666667,
    "ensemble_size": 7.0,
    "false_positives": 11,
    "f1_score": 0.7179487179487178,
    "loss": 0.2820512820512821,
    "accuracy": 99.90521327014218,
    "false_negatives": 4,
    "num_clients": 2,
    "total_clients": 2,
    "authorized_clients": 2,
    "unauthorized_clients": 0,
    "avg_precision": 0.7291666666666667,
    "avg_recall": 0.7142857142857143,
    "avg_f1_score": 0.7179487179487178,
    "global_precision": 0.47619047619047616,
    "global_recall": 0.7142857142857143,
    "global_f1": 0.5714285714285714,
    "avg_accuracy": 99.90521327014218
  },
  "num_clients": 2,
  "timestamp": "2025-05-17T11:11:53.018857+00:00"
}