{
  "round": 3,
  "eval_loss": 0.25824176520109177,
  "eval_metrics": {
    "ensemble_accuracy": 1.0,
    "diversity_score": 0.005326111487248929,
    "true_positives": 10,
    "recall": 0.7142857142857143,
    "true_negatives": 8416,
    "generalization_score": 0.9999010895969622,
    "convergence_rate": 0.8333333333333334,
    "precision": 0.7738095238095238,
    "ensemble_size": 7.0,
    "false_positives": 10,
    "f1_score": 0.7417582417582418,
    "loss": 0.25824175824175827,
    "accuracy": 99.91706161137441,
    "false_negatives": 4,
    "num_clients": 2,
    "total_clients": 2,
    "authorized_clients": 2,
    "unauthorized_clients": 0,
    "avg_precision": 0.7738095238095238,
    "avg_recall": 0.7142857142857143,
    "avg_f1_score": 0.7417582417582418,
    "global_precision": 0.5,
    "global_recall": 0.7142857142857143,
    "global_f1": 0.588235294117647,
    "avg_accuracy": 99.91706161137441
  },
  "num_clients": 2,
  "timestamp": "2025-05-17T11:19:12.723997+00:00"
}