{
  "round": 1,
  "eval_loss": 0.305555559694767,
  "eval_metrics": {
    "ensemble_accuracy": 0.9997630331753555,
    "diversity_score": 0.006824644549763034,
    "true_positives": 12,
    "recall": 0.7142857142857143,
    "true_negatives": 8409,
    "generalization_score": 0.8997825735766646,
    "convergence_rate": 1.0,
    "auc_roc": 0.6944444444444444,
    "precision": 0.6944444444444444,
    "ensemble_size": 5.0,
    "false_positives": 17,
    "f1_score": 0.6971153846153846,
    "loss": 0.3055555555555555,
    "accuracy": 99.89336492890996,
    "false_negatives": 2,
    "num_clients": 2,
    "total_clients": 2,
    "authorized_clients": 2,
    "unauthorized_clients": 0,
    "avg_precision": 0.6944444444444444,
    "avg_recall": 0.7142857142857143,
    "avg_f1_score": 0.6971153846153846,
    "avg_auc_roc": 0.6944444444444444,
    "global_precision": 0.41379310344827586,
    "global_recall": 0.8571428571428571,
    "global_f1": 0.5581395348837208,
    "avg_accuracy": 99.89336492890996
  },
  "num_clients": 2,
  "timestamp": "2025-05-20T14:04:05.012164+00:00"
}