{
  "ensemble_state": {
    "model_names": [
      "catboost",
      "knn",
      "lgbm",
      "lr",
      "rf",
      "svc",
      "xgb"
    ],
    "weights": [
      0.16634742914471398,
      0.055719704253208456,
      0.0649231988869003,
      0.07467785423524084,
      0.22219882969484817,
      0.17293064922229978,
      0.2432023345627885
    ],
    "ga_metadata": {
      "num_ensembles_aggregated": 2,
      "client_weights": [
        0.4998571020291512,
        0.5001428979708488
      ]
    }
  },
  "info": {
    "round": 2,
    "timestamp": "2025-05-18T07:37:29.677912+00:00",
    "version": "1.0.0518-3595.2",
    "is_ensemble": true,
    "num_models": 7,
    "model_names": [
      "catboost",
      "knn",
      "lgbm",
      "lr",
      "rf",
      "svc",
      "xgb"
    ]
  }
}