{
  "round": 1,
  "eval_loss": 0.013790473216822127,
  "eval_metrics": {
    "ensemble_accuracy": 0.9984998000799681,
    "diversity_score": 0.003666838026694085,
    "generalization_score": 1.0,
    "true_positives": 17,
    "recall": 0.7333599893375984,
    "true_negatives": 9978,
    "convergence_rate": 0.7499000399840063,
    "auc_roc": 0.986209527197466,
    "precision": 0.9444666577813319,
    "ensemble_size": 7.0,
    "false_positives": 4,
    "f1_score": 0.8254222120675541,
    "loss": 0.013790472802533985,
    "accuracy": 99.93002798880448,
    "false_negatives": 5,
    "num_clients": 2,
    "total_clients": 2,
    "authorized_clients": 2,
    "unauthorized_clients": 0,
    "avg_precision": 0.9444666577813319,
    "avg_recall": 0.7333599893375984,
    "avg_f1_score": 0.8254222120675541,
    "avg_auc_roc": 0.986209527197466,
    "global_precision": 0.8095238095238095,
    "global_recall": 0.7727272727272727,
    "global_f1": 0.7906976744186046,
    "avg_accuracy": 99.93001598721023
  },
  "num_clients": 2,
  "timestamp": "2025-05-15T15:47:20.240589+00:00"
}