{
  "round": 2,
  "eval_loss": 0.010654128617329634,
  "eval_metrics": {
    "ensemble_accuracy": 0.998,
    "diversity_score": 0.0035715618514498967,
    "generalization_score": 0.9999883978909514,
    "true_positives": 17,
    "recall": 0.7750099960015995,
    "true_negatives": 9978,
    "convergence_rate": 0.7499000399840063,
    "auc_roc": 0.9893458713050618,
    "precision": 0.9091272581876341,
    "ensemble_size": 7.0,
    "false_positives": 4,
    "f1_score": 0.8357700398101628,
    "loss": 0.010654128694938215,
    "accuracy": 99.93002798880448,
    "false_negatives": 5,
    "num_clients": 2,
    "total_clients": 2,
    "authorized_clients": 2,
    "unauthorized_clients": 0,
    "avg_precision": 0.9091272581876341,
    "avg_recall": 0.7750099960015995,
    "avg_f1_score": 0.8357700398101628,
    "avg_auc_roc": 0.9893458713050618,
    "global_precision": 0.8095238095238095,
    "global_recall": 0.7727272727272727,
    "global_f1": 0.7906976744186046,
    "avg_accuracy": 99.93001598721023
  },
  "num_clients": 2,
  "timestamp": "2025-05-15T15:51:10.886985+00:00"
}