{
  "round": 2,
  "eval_loss": 0.2589285746216774,
  "eval_metrics": {
    "ensemble_accuracy": 0.9994732683697656,
    "diversity_score": 0.009343215822014878,
    "true_positives": 24,
    "recall": 0.8461538461538463,
    "true_negatives": 15147,
    "generalization_score": 0.874978020528826,
    "convergence_rate": 1.0,
    "data_points": 90986.0,
    "precision": 0.7410714285714286,
    "ensemble_size": 7.0,
    "false_positives": 19,
    "f1_score": 0.789272030651341,
    "loss": 0.25892857142857145,
    "accuracy": 99.92101105845182,
    "false_negatives": 2,
    "num_clients": 2,
    "total_clients": 2,
    "authorized_clients": 2,
    "unauthorized_clients": 0,
    "avg_precision": 0.7410714285714286,
    "avg_recall": 0.8461538461538463,
    "avg_f1_score": 0.789272030651341,
    "global_precision": 0.5581395348837209,
    "global_recall": 0.9230769230769231,
    "global_f1": 0.6956521739130436,
    "avg_accuracy": 99.92101105845182
  },
  "num_clients": 2,
  "timestamp": "2025-05-21T16:37:31.645038+00:00"
}