{
  "round": 3,
  "eval_loss": 0.2380952462553978,
  "eval_metrics": {
    "ensemble_accuracy": 0.9994732683697656,
    "diversity_score": 0.009343215822014878,
    "true_positives": 23,
    "recall": 0.8461538461538463,
    "true_negatives": 15148,
    "generalization_score": 0.874978020528826,
    "convergence_rate": 1.0,
    "data_points": 90986.0,
    "precision": 0.7619047619047619,
    "ensemble_size": 7.0,
    "false_positives": 18,
    "f1_score": 0.8015873015873016,
    "loss": 0.23809523809523814,
    "accuracy": 99.9275934702475,
    "false_negatives": 3,
    "num_clients": 2,
    "total_clients": 2,
    "authorized_clients": 2,
    "unauthorized_clients": 0,
    "avg_precision": 0.7619047619047619,
    "avg_recall": 0.8461538461538463,
    "avg_f1_score": 0.8015873015873016,
    "global_precision": 0.5609756097560976,
    "global_recall": 0.8846153846153846,
    "global_f1": 0.6865671641791045,
    "avg_accuracy": 99.9275934702475
  },
  "num_clients": 2,
  "timestamp": "2025-05-21T17:02:44.087614+00:00"
}