{
  "round": 1,
  "eval_loss": 0.2738095298409462,
  "eval_metrics": {
    "ensemble_accuracy": 0.9994732683697656,
    "diversity_score": 0.009343215822014878,
    "true_positives": 23,
    "recall": 0.8076923076923077,
    "true_negatives": 15137,
    "generalization_score": 0.8749890143707972,
    "convergence_rate": 1.0,
    "data_points": 90986.0,
    "precision": 0.7261904761904762,
    "ensemble_size": 7.0,
    "false_positives": 29,
    "f1_score": 0.7645502645502644,
    "loss": 0.27380952380952384,
    "accuracy": 99.91442864665615,
    "false_negatives": 3,
    "num_clients": 2,
    "total_clients": 2,
    "authorized_clients": 2,
    "unauthorized_clients": 0,
    "avg_precision": 0.7261904761904762,
    "avg_recall": 0.8076923076923077,
    "avg_f1_score": 0.7645502645502644,
    "global_precision": 0.4423076923076923,
    "global_recall": 0.8846153846153846,
    "global_f1": 0.5897435897435898,
    "avg_accuracy": 99.91442864665615
  },
  "num_clients": 2,
  "timestamp": "2025-05-21T16:11:35.719878+00:00"
}