{
  "round": 3,
  "eval_loss": 0.125,
  "eval_metrics": {
    "ensemble_accuracy": 0.9986301369863013,
    "diversity_score": 0.002478799739073711,
    "true_positives": 6,
    "recall": 1.0,
    "true_negatives": 2915,
    "generalization_score": 0.00022855837033219917,
    "convergence_rate": 0.75,
    "data_points": 17496.0,
    "precision": 0.875,
    "ensemble_size": 7.0,
    "false_positives": 1,
    "f1_score": 0.9285714285714286,
    "loss": 0.125,
    "accuracy": 99.96577686516085,
    "false_negatives": 0,
    "num_clients": 2,
    "total_clients": 2,
    "authorized_clients": 2,
    "unauthorized_clients": 0,
    "avg_precision": 0.875,
    "avg_recall": 1.0,
    "avg_f1_score": 0.9285714285714286,
    "global_precision": 0.8571428571428571,
    "global_recall": 1.0,
    "global_f1": 0.923076923076923,
    "avg_accuracy": 99.96577686516085
  },
  "num_clients": 2,
  "timestamp": "2025-05-21T15:24:38.556599+00:00"
}