{
  "before": {
    "0x79C62f4Ef6f1740D4C43A694Fe301abB7Ae97F28": 107.25215995910166,
    "0x888b72fA86F4277b632Bd03C54e2B7a5d524E031": 109.00222654924457,
    "0x432eeDFD74F3CD992689f1cC2c0cB2758DdAB7fe": 124.68479210278075,
    "0x9c4Ec6537bF4d916B71008003Fb1311B7C157C4f": 108.70082138887301
  },
  "after": {
    "0x79C62f4Ef6f1740D4C43A694Fe301abB7Ae97F28": 107.25215995910166,
    "0x888b72fA86F4277b632Bd03C54e2B7a5d524E031": 109.00222654924457,
    "0x432eeDFD74F3CD992689f1cC2c0cB2758DdAB7fe": 124.80479210278075,
    "0x9c4Ec6537bF4d916B71008003Fb1311B7C157C4f": 108.720821388873
  },
  "changes": {
    "0x79C62f4Ef6f1740D4C43A694Fe301abB7Ae97F28": {
      "before": 107.25215995910166,
      "after": 107.25215995910166,
      "change": 0.0
    },
    "0x888b72fA86F4277b632Bd03C54e2B7a5d524E031": {
      "before": 109.00222654924457,
      "after": 109.00222654924457,
      "change": 0.0
    },
    "0x432eeDFD74F3CD992689f1cC2c0cB2758DdAB7fe": {
      "before": 124.68479210278075,
      "after": 124.80479210278075,
      "change": 0.12000000000000455
    },
    "0x9c4Ec6537bF4d916B71008003Fb1311B7C157C4f": {
      "before": 108.70082138887301,
      "after": 108.720821388873,
      "change": 0.01999999999999602
    }
  }
}