{
  "0x79C62f4Ef6f1740D4C43A694Fe301abB7Ae97F28": 107.25215995910166,
  "0x888b72fA86F4277b632Bd03C54e2B7a5d524E031": 109.00222654924457,
  "0x432eeDFD74F3CD992689f1cC2c0cB2758DdAB7fe": 122.74764924563789,
  "0x9c4Ec6537bF4d916B71008003Fb1311B7C157C4f": 107.17796424601588
}