{
  "before": {
    "0x79C62f4Ef6f1740D4C43A694Fe301abB7Ae97F28": 107.25215995910166,
    "0x888b72fA86F4277b632Bd03C54e2B7a5d524E031": 109.00222654924457,
    "0x432eeDFD74F3CD992689f1cC2c0cB2758DdAB7fe": 124.49622067420933,
    "0x9c4Ec6537bF4d916B71008003Fb1311B7C157C4f": 108.66939281744445
  },
  "after": {
    "0x79C62f4Ef6f1740D4C43A694Fe301abB7Ae97F28": 107.25215995910166,
    "0x888b72fA86F4277b632Bd03C54e2B7a5d524E031": 109.00222654924457,
    "0x432eeDFD74F3CD992689f1cC2c0cB2758DdAB7fe": 124.5819349599236,
    "0x9c4Ec6537bF4d916B71008003Fb1311B7C157C4f": 108.68367853173015
  },
  "changes": {
    "0x79C62f4Ef6f1740D4C43A694Fe301abB7Ae97F28": {
      "before": 107.25215995910166,
      "after": 107.25215995910166,
      "change": 0.0
    },
    "0x888b72fA86F4277b632Bd03C54e2B7a5d524E031": {
      "before": 109.00222654924457,
      "after": 109.00222654924457,
      "change": 0.0
    },
    "0x432eeDFD74F3CD992689f1cC2c0cB2758DdAB7fe": {
      "before": 124.49622067420933,
      "after": 124.5819349599236,
      "change": 0.08571428571427475
    },
    "0x9c4Ec6537bF4d916B71008003Fb1311B7C157C4f": {
      "before": 108.66939281744445,
      "after": 108.68367853173015,
      "change": 0.014285714285705353
    }
  }
}