{
  "before": {
    "0x79C62f4Ef6f1740D4C43A694Fe301abB7Ae97F28": 107.25215995910166,
    "0x888b72fA86F4277b632Bd03C54e2B7a5d524E031": 109.00222654924457,
    "0x432eeDFD74F3CD992689f1cC2c0cB2758DdAB7fe": 122.7976492456379,
    "0x9c4Ec6537bF4d916B71008003Fb1311B7C157C4f": 107.22796424601587
  },
  "after": {
    "0x79C62f4Ef6f1740D4C43A694Fe301abB7Ae97F28": 107.25215995910166,
    "0x888b72fA86F4277b632Bd03C54e2B7a5d524E031": 109.00222654924457,
    "0x432eeDFD74F3CD992689f1cC2c0cB2758DdAB7fe": 122.85764924563789,
    "0x9c4Ec6537bF4d916B71008003Fb1311B7C157C4f": 107.28796424601587
  },
  "changes": {
    "0x79C62f4Ef6f1740D4C43A694Fe301abB7Ae97F28": {
      "before": 107.25215995910166,
      "after": 107.25215995910166,
      "change": 0.0
    },
    "0x888b72fA86F4277b632Bd03C54e2B7a5d524E031": {
      "before": 109.00222654924457,
      "after": 109.00222654924457,
      "change": 0.0
    },
    "0x432eeDFD74F3CD992689f1cC2c0cB2758DdAB7fe": {
      "before": 122.7976492456379,
      "after": 122.85764924563789,
      "change": 0.05999999999998806
    },
    "0x9c4Ec6537bF4d916B71008003Fb1311B7C157C4f": {
      "before": 107.22796424601587,
      "after": 107.28796424601587,
      "change": 0.060000000000002274
    }
  }
}