{
  "round": 2,
  "eval_loss": 0.008782340722973458,
  "eval_metrics": {
    "ensemble_accuracy": 0.9997630331753555,
    "diversity_score": 0.005280974949221397,
    "true_positives": 12,
    "recall": 0.7142857142857143,
    "true_negatives": 8403,
    "generalization_score": 1.0,
    "convergence_rate": 1.0,
    "auc_roc": 0.9912176596249703,
    "precision": 0.7291666666666667,
    "ensemble_size": 7.0,
    "false_positives": 23,
    "f1_score": 0.7179487179487178,
    "loss": 0.008782340375029674,
    "accuracy": 99.90521327014218,
    "false_negatives": 2,
    "num_clients": 2,
    "total_clients": 2,
    "authorized_clients": 2,
    "unauthorized_clients": 0,
    "avg_precision": 0.7291666666666667,
    "avg_recall": 0.7142857142857143,
    "avg_f1_score": 0.7179487179487178,
    "avg_auc_roc": 0.9912176596249703,
    "global_precision": 0.34285714285714286,
    "global_recall": 0.8571428571428571,
    "global_f1": 0.4897959183673469,
    "avg_accuracy": 99.90521327014218
  },
  "num_clients": 2,
  "timestamp": "2025-05-17T06:25:28.402248+00:00"
}