{
  "round": 1,
  "eval_loss": 0.010223457691608928,
  "eval_metrics": {
    "ensemble_accuracy": 0.9992890995260664,
    "diversity_score": 0.005326111487248929,
    "true_positives": 12,
    "recall": 0.7857142857142857,
    "true_negatives": 8365,
    "generalization_score": 1.0,
    "convergence_rate": 1.0,
    "auc_roc": 0.9897765419958631,
    "precision": 0.5625,
    "ensemble_size": 7.0,
    "false_positives": 61,
    "f1_score": 0.6491228070175439,
    "loss": 0.010223458004136876,
    "accuracy": 99.85781990521326,
    "false_negatives": 2,
    "num_clients": 2,
    "total_clients": 2,
    "authorized_clients": 2,
    "unauthorized_clients": 0,
    "avg_precision": 0.5625,
    "avg_recall": 0.7857142857142857,
    "avg_f1_score": 0.6491228070175439,
    "avg_auc_roc": 0.9897765419958631,
    "global_precision": 0.1643835616438356,
    "global_recall": 0.8571428571428571,
    "global_f1": 0.2758620689655173,
    "avg_accuracy": 99.85781990521326
  },
  "num_clients": 2,
  "timestamp": "2025-05-17T06:15:32.307878+00:00"
}