{
  "round": 1,
  "eval_loss": 0.25,
  "eval_metrics": {
    "ensemble_accuracy": 0.9986301369863013,
    "diversity_score": 0.0030006523157208084,
    "true_positives": 3,
    "recall": 1.0,
    "true_negatives": 1456,
    "generalization_score": 0.5,
    "convergence_rate": 1.0,
    "precision": 0.6666666666666666,
    "ensemble_size": 7.0,
    "false_positives": 3,
    "f1_score": 0.75,
    "loss": 0.25,
    "accuracy": 99.86320109439124,
    "false_negatives": 0,
    "num_clients": 2,
    "total_clients": 2,
    "authorized_clients": 2,
    "unauthorized_clients": 0,
    "avg_precision": 0.6666666666666666,
    "avg_recall": 1.0,
    "avg_f1_score": 0.75,
    "global_precision": 0.5,
    "global_recall": 1.0,
    "global_f1": 0.6666666666666666,
    "avg_accuracy": 99.86320109439124
  },
  "num_clients": 2,
  "timestamp": "2025-05-19T13:19:07.384812+00:00"
}