{
  "round": 3,
  "eval_loss": 0.285714291036129,
  "eval_metrics": {
    "ensemble_accuracy": 0.9986301369863013,
    "diversity_score": 0.005088062622309196,
    "true_positives": 5,
    "recall": 0.8333333333333333,
    "true_negatives": 2911,
    "generalization_score": 0.7502285975540062,
    "convergence_rate": 0.8333333333333334,
    "precision": 0.625,
    "ensemble_size": 7.0,
    "false_positives": 5,
    "f1_score": 0.7142857142857143,
    "loss": 0.2857142857142857,
    "accuracy": 99.86310746064339,
    "false_negatives": 1,
    "num_clients": 2,
    "total_clients": 2,
    "authorized_clients": 2,
    "unauthorized_clients": 0,
    "avg_precision": 0.625,
    "avg_recall": 0.8333333333333333,
    "avg_f1_score": 0.7142857142857143,
    "global_precision": 0.5,
    "global_recall": 0.8333333333333334,
    "global_f1": 0.625,
    "avg_accuracy": 99.86310746064339
  },
  "num_clients": 2,
  "timestamp": "2025-05-18T03:09:28.376539+00:00"
}