{
  "round": 3,
  "eval_loss": 0.24358975142240524,
  "eval_metrics": {
    "ensemble_accuracy": 0.9994732683697656,
    "diversity_score": 0.009343215822014878,
    "true_positives": 24,
    "recall": 0.8076923076923077,
    "true_negatives": 15139,
    "generalization_score": 0.8750109919096675,
    "convergence_rate": 0.8333333333333334,
    "auc_roc": 0.7564102564102564,
    "precision": 0.7564102564102564,
    "ensemble_size": 7.0,
    "false_positives": 27,
    "f1_score": 0.7802197802197801,
    "loss": 0.2435897435897436,
    "accuracy": 99.92101105845182,
    "false_negatives": 2,
    "num_clients": 2,
    "total_clients": 2,
    "authorized_clients": 2,
    "unauthorized_clients": 0,
    "avg_precision": 0.7564102564102564,
    "avg_recall": 0.8076923076923077,
    "avg_f1_score": 0.7802197802197801,
    "avg_auc_roc": 0.7564102564102564,
    "global_precision": 0.47058823529411764,
    "global_recall": 0.9230769230769231,
    "global_f1": 0.6233766233766235,
    "avg_accuracy": 99.92101105845182
  },
  "num_clients": 2,
  "timestamp": "2025-05-20T13:26:52.225562+00:00"
}