{
  "0x79C62f4Ef6f1740D4C43A694Fe301abB7Ae97F28": {
    "total_reward": 6.9826402906742056,
    "contributions": 44
  },
  "0x888b72fA86F4277b632Bd03C54e2B7a5d524E031": {
    "total_reward": 5.516350423899878,
    "contributions": 46
  },
  "0x432eeDFD74F3CD992689f1cC2c0cB2758DdAB7fe": {
    "total_reward": 1.6794509487283003,
    "contributions": 16
  },
  "0x9c4Ec6537bF4d916B71008003Fb1311B7C157C4f": {
    "total_reward": 1.821558336697618,
    "contributions": 6
  }
}