{
  "0x79C62f4Ef6f1740D4C43A694Fe301abB7Ae97F28": {
    "total_reward": 7.904989473684212,
    "contributions": 22
  },
  "0x888b72fA86F4277b632Bd03C54e2B7a5d524E031": {
    "total_reward": 8.091263157894739,
    "contributions": 28
  },
  "0x432eeDFD74F3CD992689f1cC2c0cB2758DdAB7fe": {
    "total_reward": 2.700968421052632,
    "contributions": 12
  },
  "0x9c4Ec6537bF4d916B71008003Fb1311B7C157C4f": {
    "total_reward": 3.4227789473684216,
    "contributions": 6
  }
}