{
  "round": 2,
  "eval_loss": 0.15512116998434067,
  "eval_metrics": {
    "ensemble_accuracy": 0.9995884773662551,
    "diversity_score": 0.0011757789535567316,
    "true_positives": 5,
    "recall": 0.5,
    "true_negatives": 2325,
    "generalization_score": 1.0,
    "convergence_rate": 1.0,
    "auc_roc": 0.8448788294467307,
    "precision": 0.01140911689796767,
    "ensemble_size": 7.0,
    "false_positives": 591,
    "f1_score": 0.022301871764237355,
    "loss": 0.1551211705532693,
    "accuracy": 90.41752224503765,
    "false_negatives": 1,
    "num_clients": 2,
    "total_clients": 2,
    "authorized_clients": 2,
    "unauthorized_clients": 0,
    "avg_precision": 0.01140911689796767,
    "avg_recall": 0.5,
    "avg_f1_score": 0.022301871764237355,
    "avg_auc_roc": 0.8448788294467307,
    "global_precision": 0.008389261744966443,
    "global_recall": 0.8333333333333334,
    "global_f1": 0.016611295681063124,
    "avg_accuracy": 90.41752224503765
  },
  "num_clients": 2,
  "timestamp": "2025-05-17T05:33:51.160110+00:00"
}