{
  "round": 3,
  "eval_loss": 0.1060813870280981,
  "eval_metrics": {
    "ensemble_accuracy": 1.0,
    "diversity_score": 0.0011757789535567316,
    "true_positives": 4,
    "recall": 0.16666666666666666,
    "true_negatives": 2574,
    "generalization_score": 0.9999999826000898,
    "convergence_rate": 1.0,
    "auc_roc": 0.8939186099679927,
    "precision": 0.0078125,
    "ensemble_size": 7.0,
    "false_positives": 342,
    "f1_score": 0.014925373134328358,
    "loss": 0.10608139003200734,
    "accuracy": 96.64613278576317,
    "false_negatives": 2,
    "num_clients": 2,
    "total_clients": 2,
    "authorized_clients": 2,
    "unauthorized_clients": 0,
    "avg_precision": 0.0078125,
    "avg_recall": 0.16666666666666666,
    "avg_f1_score": 0.014925373134328358,
    "avg_auc_roc": 0.8939186099679927,
    "global_precision": 0.011560693641618497,
    "global_recall": 0.6666666666666666,
    "global_f1": 0.022727272727272724,
    "avg_accuracy": 96.64613278576317
  },
  "num_clients": 2,
  "timestamp": "2025-05-17T05:35:06.321108+00:00"
}